{"cameraMode":{"drawMode":0,"name":"Shaded","section":"Shading Mode"},"sceneLighting":true,"audioPlay":false,"sceneViewState":{"showFog":true,"showMaterialUpdate":false,"showSkybox":true,"showFlares":true,"showImageEffects":true,"showParticleSystems":true},"in2DMode":false,"pivot":{"x":12.038241386413575,"y":-4.188375473022461,"z":-10.613814353942871},"rotation":{"x":-0.3295755088329315,"y":0.09944354742765427,"z":-0.0349322184920311,"w":-0.9382291436195374},"size":34.36433410644531,"orthographic":false}